Model,R_Squared,Adjusted_R_Squared,RMSE
Simple (Gross Sq Ft),0.35256785743721564,,1133346.9212784802
Multiple (4 Features),0.3725932947967723,0.3725034663616369,1115723.473293665
